package_name,dependency
execa,path-key
execa,signal-exit
execa,npm-run-path
execa,is-stream
execa,get-stream
es-abstract,object.assign
es-abstract,nyc
es-abstract,es-to-primitive
arr-flatten,write
arr-flatten,array-slice
arr-flatten,array-flatten
diffie-hellman,randombytes
diffie-hellman,miller-rabin
diffie-hellman,bn.js
abab,karma-webpack
babel-plugin-dynamic-import-node,in-publish
babel-plugin-dynamic-import-node,eslint-plugin-import
babel-plugin-dynamic-import-node,object.assign
map-visit,extend-shallow
map-visit,clone-deep
map-visit,object-visit
is-absolute,is-windows
is-absolute,is-relative
wrap-ansi,nyc
wrap-ansi,has-ansi
wrap-ansi,string-width
parse-json,nyc
babel-loader,prettier
babel-loader,nyc
babel-loader,husky
babel-loader,cross-env
babel-loader,find-cache-dir
snapdragon-util,isobject
snapdragon-util,snapdragon
snapdragon-util,kind-of
snapdragon-util,define-property
resolve-cwd,resolve-from
copy-webpack-plugin,prettier
copy-webpack-plugin,husky
copy-webpack-plugin,eslint-plugin-import
copy-webpack-plugin,del
copy-webpack-plugin,cross-env
copy-webpack-plugin,serialize-javascript
copy-webpack-plugin,normalize-path
copy-webpack-plugin,globby
copy-webpack-plugin,glob-parent
stream-each,standard
stream-each,stream-shift
proxy-addr,nyc
proxy-addr,eslint-plugin-standard
proxy-addr,eslint-plugin-node
proxy-addr,eslint-plugin-import
proxy-addr,eslint-config-standard
proxy-addr,forwarded
is-buffer,standard
postcss-value-parser,prettier
postcss-value-parser,husky
glob-parent,nyc
glob-parent,is-glob
micromatch,fill-range
micromatch,braces
stealthy-require,run-sequence
aproba,standard
socket.io-adapter,prettier
socket.io-adapter,nyc
globby,pify
globby,dir-glob
globby,array-union
original,url-parse
pako,rollup
pako,nyc
flagged-respawn,v8flags
flagged-respawn,nyc
flagged-respawn,eslint-plugin-node
miller-rabin,brorand
miller-rabin,bn.js
define-property,isobject
define-property,is-descriptor
http-proxy-middleware,prettier
http-proxy-middleware,husky
http-proxy-middleware,body-parser
http-proxy-middleware,micromatch
http-proxy-middleware,is-plain-obj
http-proxy-middleware,is-glob
object.omit,is-extendable
randombytes,standard
randombytes,safe-buffer
is-data-descriptor,nyc
is-data-descriptor,in-publish
statuses,nyc
statuses,eslint-plugin-standard
statuses,eslint-plugin-node
statuses,eslint-plugin-import
statuses,eslint-config-standard
is-builtin-module,builtin-modules
camelcase-keys,map-obj
camelcase-keys,camelcase
parse-filepath,map-cache
parse-filepath,is-absolute
mississippi,stream-each
mississippi,pumpify
mississippi,from2
mississippi,flush-write-stream
mississippi,duplexify
method-override,eslint-plugin-standard
method-override,eslint-plugin-node
method-override,eslint-plugin-import
method-override,eslint-config-standard
method-override,vary
method-override,parseurl
extract-text-webpack-plugin,prettier
extract-text-webpack-plugin,memory-fs
extract-text-webpack-plugin,husky
extract-text-webpack-plugin,eslint-plugin-import
extract-text-webpack-plugin,del
extract-text-webpack-plugin,cross-env
extract-text-webpack-plugin,webpack-sources
bonjour,standard
bonjour,multicast-dns-service-types
bonjour,multicast-dns
bonjour,dns-txt
bonjour,array-flatten
rechoir,nyc
repeat-string,yargs-parser
repeat-string,repeating
repeat-string,isobject
react-hot-loader,rollup-plugin-node-resolve
react-hot-loader,rollup
react-hot-loader,prettier
react-hot-loader,husky
react-hot-loader,eslint-plugin-react
react-hot-loader,eslint-plugin-import
react-hot-loader,cross-env
react-hot-loader,babel-plugin-dynamic-import-node
react-hot-loader,prop-types
react-hot-loader,hoist-non-react-statics
parseurl,eslint-plugin-standard
parseurl,eslint-plugin-node
parseurl,eslint-plugin-import
parseurl,eslint-config-standard
pkg-up,find-up
colormin,eslint-plugin-import
nanomatch,for-own
nanomatch,snapdragon
nanomatch,object.pick
nanomatch,kind-of
nanomatch,is-windows
nanomatch,is-odd
nanomatch,extend-shallow
nanomatch,define-property
nanomatch,array-unique
nanomatch,arr-diff
regjsgen,nyc
mem,serialize-javascript
mem,mimic-fn
find-up,is-path-inside
find-up,path-exists
get-value,write
get-value,nyc
get-value,micromatch
get-value,dot-prop
get-value,isobject
is-ci,standard
is-ci,ci-info
on-headers,eslint-plugin-standard
on-headers,eslint-plugin-node
on-headers,eslint-plugin-import
on-headers,eslint-config-standard
Object.values,nyc
Object.values,in-publish
Object.values,es-abstract
Object.values,define-properties
compare-versions,rollup
RegExp.prototype.flags,nyc
RegExp.prototype.flags,in-publish
RegExp.prototype.flags,define-properties
caller-callsite,callsites
arr-diff,array-differ
arr-diff,arr-flatten
url-parse-lax,prepend-http
standard,eslint-plugin-standard
standard,eslint-plugin-react
standard,eslint-config-standard
string-width,emoji-regex
to-regex-range,fill-range
to-regex-range,is-number
postcss-initial,husky
cookie-parser,nyc
cookie-parser,eslint-plugin-standard
cookie-parser,eslint-plugin-node
cookie-parser,eslint-plugin-import
cookie-parser,eslint-config-standard
fs-write-stream-atomic,standard
got,nyc
got,url-parse-lax
got,lowercase-keys
got,get-stream
got,decompress-response
buffer-xor,standard
buffer-xor,safe-buffer
engine.io-parser,prettier
engine.io-parser,nyc
engine.io-parser,babelify
is-binary-path,binary-extensions
has-gulplog,nyc
has-gulplog,eslint-plugin-node
stream-shift,standard
istanbul-instrumenter-loader,memory-fs
istanbul-instrumenter-loader,eslint-plugin-import
istanbul-instrumenter-loader,cross-env
istanbul-instrumenter-loader,babel-loader
is-equal-shallow,is-primitive
browserify-rsa,standard
browserify-rsa,parse-asn1
browserify-rsa,randombytes
browserify-rsa,bn.js
mixin-object,is-extendable
mixin-object,for-in
webpack-merge,prettier
webpack-merge,husky
webpack-merge,clone-deep
neo-async,prettier
neo-async,husky
laravel-mix,prettier
laravel-mix,postcss-custom-properties
laravel-mix,husky
laravel-mix,browserslist
laravel-mix,webpack-merge
laravel-mix,cross-env
laravel-mix,babel-loader
shallow-clone,kind-of
icss-utils,prettier
icss-utils,husky
media-typer,nyc
media-typer,eslint-plugin-standard
media-typer,eslint-plugin-node
media-typer,eslint-plugin-import
media-typer,eslint-config-standard
for-own,for-in
nth-check,prettier
split-string,nyc
espree,rollup
has-value,get-value
des.js,minimalistic-assert
os-locale,lcid
exit-hook,execa
reduce-css-calc,eslint-plugin-import
reduce-css-calc,cross-env
reduce-css-calc,postcss-value-parser
uglifyjs-webpack-plugin,prettier
uglifyjs-webpack-plugin,memory-fs
uglifyjs-webpack-plugin,husky
uglifyjs-webpack-plugin,eslint-plugin-import
uglifyjs-webpack-plugin,del
uglifyjs-webpack-plugin,cross-env
uglifyjs-webpack-plugin,webpack-sources
uglifyjs-webpack-plugin,serialize-javascript
uglifyjs-webpack-plugin,find-cache-dir
hash-base,standard
hash-base,nyc
hash-base,safe-buffer
ci-info,standard
ci-info,husky
postcss-modules-values,prettier
postcss-modules-values,husky
postcss-modules-values,icss-utils
fined,nyc
fined,eslint-plugin-node
fined,parse-filepath
fined,object.pick
fined,object.defaults
is-odd,is-number
date-fns,prettier
date-fns,karma-webpack
date-fns,istanbul-instrumenter-loader
date-fns,husky
date-fns,babel-loader
replace-ext,nyc
String.prototype.trimLeft,nyc
String.prototype.trimLeft,define-properties
url-parse,requires-port
url-parse,querystringify
karma-webpack,prettier
karma-webpack,memory-fs
karma-webpack,husky
karma-webpack,eslint-plugin-import
karma-webpack,del
karma-webpack,cross-env
karma-webpack,webpack-merge
builtin-status-codes,standard
dir-glob,del
dir-glob,path-type
extract-zip,nyc
extract-zip,husky
extract-zip,eslint-plugin-standard
extract-zip,eslint-plugin-node
extract-zip,eslint-plugin-import
extract-zip,eslint-config-standard
extract-zip,yauzl
extract-zip,get-stream
cli-width,nyc
cipher-base,standard
cipher-base,safe-buffer
finalhandler,safe-buffer
finalhandler,nyc
finalhandler,eslint-plugin-standard
finalhandler,eslint-plugin-node
finalhandler,eslint-plugin-import
finalhandler,eslint-config-standard
finalhandler,statuses
finalhandler,parseurl
finalhandler,encodeurl
global-modules,global-prefix
wbuf,minimalistic-assert
axios,rollup
axios,pretty-bytes
axios,istanbul-instrumenter-loader
axios,husky
axios,gzip-size
axios,get-stream
axios,cross-env
axios,body-parser
pbkdf2,standard
pbkdf2,nyc
pbkdf2,safe-buffer
whatwg-url,got
whatwg-url,webidl-conversions
call-me-maybe,is-ci
call-me-maybe,husky
kind-of,write
object.pick,isobject
eslint-plugin-node,nyc
gulp-plumber,fancy-log
define-properties,nyc
define-properties,in-publish
eslint-plugin-standard,standard
friendly-errors-webpack-plugin,memory-fs
friendly-errors-webpack-plugin,eslint-plugin-node
friendly-errors-webpack-plugin,eslint-loader
friendly-errors-webpack-plugin,string-width
lazy-cache,object.pick
lazy-cache,object.omit
stream-http,cookie-parser
stream-http,builtin-status-codes
randomatic,kind-of
randomatic,is-number
clone-deep,shallow-clone
clone-deep,kind-of
css-selector-tokenizer,nyc
css-selector-tokenizer,fastparse
parse-asn1,standard
parse-asn1,safe-buffer
parse-asn1,pbkdf2
parse-asn1,browserify-aes
shebang-command,shebang-regex
object.defaults,isobject
object.defaults,for-own
object.defaults,array-slice
etag,safe-buffer
etag,eslint-plugin-standard
etag,eslint-plugin-node
etag,eslint-plugin-import
etag,eslint-config-standard
redent,strip-indent
redent,indent-string
eslint-plugin-react,prop-types
find-cache-dir,del
find-cache-dir,pkg-dir
dns-packet,eslint-plugin-standard
dns-packet,eslint-plugin-node
dns-packet,eslint-plugin-import
dns-packet,eslint-config-standard
collection-visit,clone-deep
collection-visit,object-visit
collection-visit,map-visit
is-descriptor,nyc
is-descriptor,in-publish
is-descriptor,is-data-descriptor
is-descriptor,is-accessor-descriptor
latest-version,package-json
resolve-dir,global-modules
resolve-dir,homedir-polyfill
table,nyc
table,husky
table,string-width
table,slice-ansi
multipipe,standard
multipipe,object-assign
react-redux,redux
react-redux,prettier
react-redux,eslint-plugin-react
react-redux,eslint-plugin-import
react-redux,cross-env
exec-sh,standard
exec-sh,nyc
is-my-json-valid,generate-function
browserify-sign,nyc
browserify-sign,in-publish
browserify-sign,safe-buffer
browserify-sign,parse-asn1
browserify-sign,elliptic
browserify-sign,browserify-rsa
browserify-sign,bn.js
cosmiconfig,prettier
cosmiconfig,husky
cosmiconfig,eslint-plugin-node
cosmiconfig,eslint-plugin-import
cosmiconfig,cross-env
cosmiconfig,parse-json
expand-range,fill-range
expand-range,extend-shallow
forwarded,nyc
forwarded,eslint-plugin-standard
forwarded,eslint-plugin-node
forwarded,eslint-plugin-import
forwarded,eslint-config-standard
to-object-path,kind-of
slice-ansi,is-fullwidth-code-point
cli-cursor,restore-cursor
y18n,rollup
y18n,cross-env
postcss-modules-scope,prettier
postcss-modules-scope,husky
postcss-modules-scope,postcss-selector-parser
optimize-css-assets-webpack-plugin,extract-text-webpack-plugin
pumpify,duplexify
right-align,align-text
boxen,nyc
boxen,wrap-ansi
boxen,widest-line
boxen,string-width
boxen,camelcase
dom-serialize,void-elements
dom-serialize,custom-event
encodeurl,eslint-plugin-standard
encodeurl,eslint-plugin-node
encodeurl,eslint-plugin-import
encodeurl,eslint-config-standard
array-unique,array-uniq
immer,redux
immer,prettier
immer,husky
inflight,wrappy
duplexify,stream-shift
loud-rejection,nyc
loud-rejection,get-stream
loud-rejection,execa
loud-rejection,signal-exit
loud-rejection,currently-unhandled
align-text,repeat-string
align-text,longest
align-text,kind-of
union-value,set-value
union-value,get-value
circular-dependency-plugin,memory-fs
import-cwd,import-from
serialize-javascript,nyc
serialize-javascript,randombytes
regex-cache,micromatch
regex-cache,is-equal-shallow
interpret,rechoir
interpret,nyc
interpret,eslint-plugin-node
vary,eslint-config-standard
vary,eslint-plugin-import
vary,eslint-plugin-node
vary,eslint-plugin-standard
default-require-extensions,nyc
default-require-extensions,strip-bom
webpack-hot-middleware,ansi-html
meow,indent-string
meow,execa
meow,yargs-parser
meow,trim-newlines
meow,redent
meow,read-pkg-up
meow,decamelize
meow,camelcase-keys
elliptic,minimalistic-crypto-utils
elliptic,minimalistic-assert
elliptic,hash.js
elliptic,brorand
elliptic,bn.js
compression,eslint-plugin-standard
compression,eslint-plugin-node
compression,eslint-plugin-import
compression,eslint-config-standard
compression,vary
compression,safe-buffer
compression,on-headers
safe-buffer,standard
read-pkg-up,read-pkg
read-pkg-up,find-up
validate-npm-package-name,builtins
webpack-sources,prettier
webpack-sources,eslint-plugin-node
extglob,micromatch
extglob,is-windows
extglob,for-own
extglob,snapdragon
extglob,expand-brackets
extglob,define-property
extglob,array-unique
dns-txt,standard
eslint-config-standard,eslint-plugin-standard
eslint-config-standard,eslint-plugin-node
eslint-config-standard,eslint-plugin-import
qs,nyc
qs,in-publish
extend-shallow,object-assign
extend-shallow,kind-of
extend-shallow,for-own
extend-shallow,array-slice
extend-shallow,is-extendable
extend-shallow,assign-symbols
serve-static,safe-buffer
serve-static,nyc
serve-static,eslint-plugin-standard
serve-static,eslint-plugin-node
serve-static,eslint-plugin-import
serve-static,eslint-config-standard
serve-static,parseurl
serve-static,encodeurl
sass-graph,nyc
sass-graph,scss-tokenizer
webpack-subresource-integrity,nyc
browserslist,caniuse-lite
run-sequence,fancy-log
merge2,standard
is-path-in-cwd,is-path-inside
postcss-calc,prettier
postcss-calc,postcss-value-parser
postcss-calc,postcss-selector-parser
loader-runner,eslint-plugin-node
md5.js,standard
md5.js,safe-buffer
md5.js,hash-base
rollup,yargs-parser
rollup,signal-exit
rollup,pretty-bytes
rollup,prettier
rollup,nyc
rollup,husky
rollup,eslint-plugin-import
rollup,builtin-modules
postcss-selector-parser,nyc
postcss-selector-parser,eslint-plugin-import
postcss-selector-parser,util-deprecate
yargs-parser,camelcase
yargs-parser,nyc
yargs-parser,standard
fill-range,to-regex-range
stack-utils,pify
stack-utils,escape-string-regexp
test-exclude,nyc
postcss-modules-local-by-default,prettier
postcss-modules-local-by-default,husky
postcss-modules-local-by-default,postcss-value-parser
postcss-modules-local-by-default,postcss-selector-parser
postcss-modules-local-by-default,icss-utils
output-file-sync,nyc
output-file-sync,is-plain-obj
prop-types,in-publish
prop-types,object-assign
prop-types,loose-envify
redux-thunk,redux
redux-thunk,prettier
redux-thunk,cross-env
gulplog,nyc
gulplog,eslint-plugin-node
gulplog,glogg
EVP_BytesToKey,standard
EVP_BytesToKey,nyc
EVP_BytesToKey,safe-buffer
EVP_BytesToKey,md5.js
watchpack,write-file-atomic
watchpack,prettier
postcss-custom-selectors,postcss-selector-parser
serve-favicon,eslint-plugin-standard
serve-favicon,eslint-plugin-node
serve-favicon,eslint-plugin-import
serve-favicon,eslint-config-standard
serve-favicon,safe-buffer
serve-favicon,parseurl
serve-favicon,etag
multicast-dns,standard
multicast-dns,dns-packet
v8flags,nyc
v8flags,eslint-plugin-node
invariant,loose-envify
sort-keys,is-plain-obj
sane,prettier
sane,micromatch
sane,execa
sane,exec-sh
use,define-property
use,extend-shallow
strip-comments,nyc
css-declaration-sorter,rollup
postcss-custom-properties,rollup
widest-line,string-width
gulp-autoprefixer,gulp-sourcemaps
decompress-response,pify
decompress-response,get-stream
warning,husky
warning,loose-envify
object-visit,isobject
http-errors,nyc
http-errors,eslint-plugin-standard
http-errors,eslint-plugin-node
http-errors,eslint-plugin-import
http-errors,eslint-config-standard
http-errors,statuses
http-errors,setprototypeof
first-chunk-stream,nyc
braces,ansi-colors
braces,fill-range
del,is-path-inside
del,is-path-cwd
del,is-glob
del,globby
String.prototype.trimRight,nyc
String.prototype.trimRight,define-properties
append-transform,nyc
append-transform,default-require-extensions
package-json,registry-url
package-json,got
clap,rollup
clap,ansi-colors
fancy-log,nyc
fancy-log,eslint-plugin-node
fancy-log,color-support
babel-plugin-transform-react-remove-prop-types,path-exists
babel-plugin-transform-react-remove-prop-types,eslint-plugin-react
babel-plugin-transform-react-remove-prop-types,eslint-plugin-import
rollup-plugin-node-resolve,rollup
rollup-plugin-node-resolve,builtin-modules
glogg,nyc
glogg,eslint-plugin-node
is-accessor-descriptor,nyc
is-accessor-descriptor,in-publish
caller-path,caller-callsite
hash.js,minimalistic-assert
postcss-filter-plugins,eslint-plugin-import
serve-index,parseurl
serve-index,mime-types
serve-index,http-errors
browserify-des,standard
browserify-des,safe-buffer
browserify-des,des.js
browserify-des,cipher-base
body-parser,safe-buffer
body-parser,nyc
body-parser,eslint-plugin-standard
body-parser,eslint-plugin-node
body-parser,eslint-plugin-import
body-parser,eslint-config-standard
body-parser,qs
body-parser,http-errors
body-parser,content-type
ncname,xml-char-classes
gulp-sourcemaps,object-assign
gulp-sourcemaps,mississippi
gulp-sourcemaps,detect-newline
postcss-import,postcss-value-parser
postcss-import,object-assign
mime-types,mime-db
currently-unhandled,nyc
currently-unhandled,is-ci
currently-unhandled,array-find-index
setprototypeof,standard
querystringify,nyc
cache-base,nyc
cache-base,unset-value
cache-base,union-value
cache-base,set-value
cache-base,kind-of
cache-base,get-value
cache-base,collection-visit
postcss-selector-not,postcss-selector-parser
redux,prettier
redux,eslint-plugin-react
redux,eslint-plugin-import
redux,cross-env
write-file-atomic,signal-exit
has-ansi,ansi-regex
read-pkg,parse-json
object.assign,nyc
object.assign,define-properties
errorhandler,eslint-plugin-standard
errorhandler,eslint-plugin-node
errorhandler,eslint-plugin-import
errorhandler,eslint-config-standard
file-entry-cache,write
file-entry-cache,prettier
file-entry-cache,flat-cache
multicast-dns-service-types,standard
nyc,standard
nyc,is-windows
nyc,yargs-parser
nyc,test-exclude
nyc,signal-exit
nyc,resolve-from
nyc,micromatch
nyc,find-up
nyc,find-cache-dir
nyc,default-require-extensions
nyc,arrify
content-type,nyc
content-type,eslint-plugin-standard
content-type,eslint-plugin-node
content-type,eslint-plugin-import
content-type,eslint-config-standard
cliui,rollup
cliui,eslint-plugin-node
cliui,eslint-plugin-import
cliui,cross-env
cliui,wrap-ansi
cliui,string-width
array-flatten,prettier
array-flatten,husky
browserify-cipher,standard
browserify-cipher,browserify-des
browserify-cipher,browserify-aes
npm-run-path,path-key
restore-cursor,signal-exit
isobject,rollup
class-utils,isobject
class-utils,define-property
global-prefix,kind-of
isexe,prettier
browserify-aes,standard
browserify-aes,safe-buffer
browserify-aes,cipher-base
browserify-aes,buffer-xor
builtins,standard
spdy-transport,standard
spdy-transport,wbuf
spdy-transport,detect-node
contains-path,normalize-path
content-disposition,eslint-plugin-standard
content-disposition,eslint-plugin-node
content-disposition,eslint-plugin-import
content-disposition,eslint-config-standard
content-disposition,safe-buffer
eslint-plugin-import,redux
eslint-plugin-import,nyc
eslint-plugin-import,cross-env
eslint-plugin-import,read-pkg-up
eslint-plugin-import,contains-path
eslint-plugin-import,builtin-modules
window-size,define-property
window-size,define-property
window-size,is-number
window-size,is-number
morgan,eslint-plugin-standard
morgan,eslint-plugin-node
morgan,eslint-plugin-import
morgan,eslint-config-standard
morgan,on-headers
path-type,nyc
signal-exit,prettier
eslint-loader,prettier
eslint-loader,husky
eslint-loader,eslint-plugin-import
eslint-loader,del
eslint-loader,cross-env
eslint-loader,object-hash
eslint-loader,find-cache-dir
webpack-bundle-analyzer,globby
webpack-bundle-analyzer,eslint-plugin-react
webpack-bundle-analyzer,del
webpack-bundle-analyzer,classnames
webpack-bundle-analyzer,babel-loader
webpack-bundle-analyzer,gzip-size
webpack-bundle-analyzer,escape-string-regexp
snapdragon,define-property
snapdragon,extend-shallow
snapdragon,isobject
snapdragon,map-cache
snapdragon,source-map-resolve
snapdragon,use
expand-brackets,yargs-parser
expand-brackets,snapdragon
os-homedir,path-exists
vue-loader,memory-fs
vue-loader,extract-text-webpack-plugin
vue-loader,babel-loader
vue-loader,vue-hot-reload-api
vue-loader,postcss-selector-parser
vue-loader,object-assign
vue-loader,hash-sum
flat-cache,write
flat-cache,prettier
center-align,repeat-string
center-align,align-text
hoist-non-react-statics,rollup-plugin-node-resolve
hoist-non-react-statics,rollup
hoist-non-react-statics,prop-types
hoist-non-react-statics,nyc
lcid,invert-kv
